[
  {
    "id": 1,
    "nombre": "Juan Carlos",
    "apellido": "Pérez",
    "email": "juan.perez@buensabor.com",
    "telefono": "+54 261 123-4567",
    "rol": "ADMINISTRADOR",
    "activo": true,
    "departamentoNombre": "Capital",
    "calle": "Av. San Martín",
    "numero": "1234",
    "piso": "2",
    "dpto": "A"
  },
  {
    "id": 2,
    "nombre": "María Elena",
    "apellido": "González",
    "email": "maria.gonzalez@buensabor.com",
    "telefono": "+54 261 234-5678",
    "rol": "COCINERO",
    "activo": true,
    "departamentoNombre": "Godoy Cruz",
    "calle": "Belgrano",
    "numero": "567",
    "piso": "",
    "dpto": ""
  },
  {
    "id": 3,
    "nombre": "Roberto",
    "apellido": "Martínez",
    "email": "roberto.martinez@buensabor.com",
    "telefono": "+54 261 345-6789",
    "rol": "REPARTIDOR",
    "activo": false,
    "departamentoNombre": "Las Heras",
    "calle": "Mitre",
    "numero": "890",
    "piso": "1",
    "dpto": "B"
  },
  {
    "id": 4,
    "nombre": "Ana Sofía",
    "apellido": "López",
    "email": "ana.lopez@buensabor.com",
    "telefono": "+54 261 456-7890",
    "rol": "CAJERO",
    "activo": true,
    "departamentoNombre": "Maipú",
    "calle": "Rivadavia",
    "numero": "321",
    "piso": "",
    "dpto": ""
  },
  {
    "id": 5,
    "nombre": "Carlos Eduardo",
    "apellido": "Rodríguez",
    "email": "carlos.rodriguez@buensabor.com",
    "telefono": "+54 261 567-8901",
    "rol": "COCINERO",
    "activo": true,
    "departamentoNombre": "Guaymallén",
    "calle": "Sarmiento",
    "numero": "654",
    "piso": "3",
    "dpto": "C"
  },
  {
    "id": 6,
    "nombre": "Lucía",
    "apellido": "Fernández",
    "email": "lucia.fernandez@buensabor.com",
    "telefono": "+54 261 678-9012",
    "rol": "CAJERO",
    "activo": false,
    "departamentoNombre": "Luján de Cuyo",
    "calle": "9 de Julio",
    "numero": "987",
    "piso": "",
    "dpto": ""
  },
  {
    "id": 7,
    "nombre": "Diego Alejandro",
    "apellido": "Silva",
    "email": "diego.silva@buensabor.com",
    "telefono": "+54 261 789-0123",
    "rol": "REPARTIDOR",
    "activo": true,
    "departamentoNombre": "San Rafael",
    "calle": "Libertad",
    "numero": "456",
    "piso": "1",
    "dpto": "A"
  },
  {
    "id": 8,
    "nombre": "Valentina",
    "apellido": "Torres",
    "email": "valentina.torres@buensabor.com",
    "telefono": "+54 261 890-1234",
    "rol": "ADMINISTRADOR",
    "activo": true,
    "departamentoNombre": "Capital",
    "calle": "Colón",
    "numero": "789",
    "piso": "4",
    "dpto": "D"
  },
  {
    "id": 9,
    "nombre": "Mateo",
    "apellido": "Herrera",
    "email": "mateo.herrera@buensabor.com",
    "telefono": "+54 261 901-2345",
    "rol": "COCINERO",
    "activo": false,
    "departamentoNombre": "Mendoza",
    "calle": "Espejo",
    "numero": "123",
    "piso": "",
    "dpto": ""
  },
  {
    "id": 10,
    "nombre": "Camila",
    "apellido": "Morales",
    "email": "camila.morales@buensabor.com",
    "telefono": "+54 261 012-3456",
    "rol": "CAJERO",
    "activo": true,
    "departamentoNombre": "Godoy Cruz",
    "calle": "Urquiza",
    "numero": "555",
    "piso": "2",
    "dpto": "B"
  },
  {
    "id": 11,
    "nombre": "Sebastián",
    "apellido": "Vega",
    "email": "sebastian.vega@buensabor.com",
    "telefono": "+54 261 123-4567",
    "rol": "REPARTIDOR",
    "activo": true,
    "departamentoNombre": "Las Heras",
    "calle": "Pellegrini",
    "numero": "888",
    "piso": "",
    "dpto": ""
  },
  {
    "id": 12,
    "nombre": "Isabella",
    "apellido": "Castro",
    "email": "isabella.castro@buensabor.com",
    "telefono": "+54 261 234-5678",
    "rol": "ADMINISTRADOR",
    "activo": false,
    "departamentoNombre": "Maipú",
    "calle": "Alem",
    "numero": "222",
    "piso": "1",
    "dpto": "A"
  },
  {
    "id": 13,
    "nombre": "Nicolás",
    "apellido": "Ruiz",
    "email": "nicolas.ruiz@buensabor.com",
    "telefono": "+54 261 345-6789",
    "rol": "COCINERO",
    "activo": true,
    "departamentoNombre": "Guaymallén",
    "calle": "Moreno",
    "numero": "777",
    "piso": "3",
    "dpto": "C"
  },
  {
    "id": 14,
    "nombre": "Sofía",
    "apellido": "Jiménez",
    "email": "sofia.jimenez@buensabor.com",
    "telefono": "+54 261 456-7890",
    "rol": "CAJERO",
    "activo": true,
    "departamentoNombre": "Luján de Cuyo",
    "calle": "Tucumán",
    "numero": "333",
    "piso": "",
    "dpto": ""
  },
  {
    "id": 15,
    "nombre": "Facundo",
    "apellido": "Mendoza",
    "email": "facundo.mendoza@buensabor.com",
    "telefono": "+54 261 567-8901",
    "rol": "REPARTIDOR",
    "activo": false,
    "departamentoNombre": "San Rafael",
    "calle": "Corrientes",
    "numero": "999",
    "piso": "2",
    "dpto": "D"
  }
]
